{"inputNodes":4,"outputNodes":1,"weights":[[-0.9846112994535894,-1.0071311671726553,1.8869211745025123,1.7547952729260727]],"bias":0.537822288713505}