{"inputNodes":4,"outputNodes":1,"weights":[[-1.1919375674551493,-0.5456995372226319,2.2335213295017797,1.1335271771683533]],"bias":-0.2633702987412028}